,Unnamed: 0,home_team.name,home_team_Shots on Goal,home_team_Shots off Goal,home_team_Total Shots,home_team_Blocked Shots,home_team_Shots insidebox,home_team_Shots outsidebox,home_team_Fouls,home_team_Corner Kicks,home_team_Offsides,home_team_Ball Possession,home_team_Yellow Cards,home_team_Red Cards,home_team_Goalkeeper Saves,home_team_Total passes,home_team_Passes accurate,home_team_Passes %,home_team.Rank,home_team_Avg. age,home_team.Total value,home_team.Points,home_Pl,home_Age,home_Poss,home_MP,home_Starts,home_Min,home_90s,home_Gls,home_Ast,home_G-PK,home_PK,home_PKatt,home_CrdY,home_CrdR,home_Gls.1,home_Ast.1,home_G+A,home_G-PK.1,home_G+A-PK,away_team.name,away_team_Shots on Goal,away_team_Shots off Goal,away_team_Total Shots,away_team_Blocked Shots,away_team_Shots insidebox,away_team_Shots outsidebox,away_team_Fouls,away_team_Corner Kicks,away_team_Offsides,away_team_Ball Possession,away_team_Yellow Cards,away_team_Red Cards,away_team_Goalkeeper Saves,away_team_Total passes,away_team_Passes accurate,away_team_Passes %,away_team.Rank,away_team. age,away_team.Total value,away_team.Points,away_Pl,away_Age,away_Poss,away_MP,away_Starts,away_Min,away_90s,away_Gls,away_Ast,away_G-PK,away_PK,away_PKatt,away_CrdY,away_CrdR,away_Gls.1,away_Ast.1,away_G+A,away_G-PK.1,away_G+A-PK,match_result
0,0,France,4,4,9,1,6,3,21,0,0,39,3,0,1,344,280,81,3,26.9,949000000.0,1786,19.666666666666668,26.4,50.8,5.0,55.0,450.0,5.0,7.0,4.0,5.666666666666667,1.3333333333333333,1.6666666666666667,3.0,0.3333333333333333,1.2133333333333334,0.6866666666666666,1.9,1.0066666666666666,1.6900000000000002,Argentina,4,1,10,5,6,4,15,4,1,61,5,0,0,512,444,87,4,26.2,581700000.0,1767,20.0,27.8,59.85,5.333333333333333,58.66666666666666,510.0,5.666666666666667,7.333333333333333,3.0,7.333333333333333,0.0,0.3333333333333333,4.0,0.0,1.39,0.6233333333333334,2.0166666666666666,1.39,2.0166666666666666,1
1,1,Nigeria,3,5,9,1,4,5,20,3,0,33,2,0,2,283,186,66,32,26.3,268750000.0,1510,17.666666666666668,25.666666666666668,49.05,3.333333333333333,36.66666666666666,300.0,3.333333333333333,3.0,1.6666666666666667,2.333333333333333,0.6666666666666666,0.6666666666666666,4.0,0.0,0.9166666666666666,0.4733333333333333,1.39,0.6966666666666667,1.1666666666666667,Argentina,4,2,8,2,7,1,15,5,2,67,3,0,2,572,471,82,4,26.2,581700000.0,1767,20.0,27.8,59.85,5.333333333333333,58.66666666666666,510.0,5.666666666666667,7.333333333333333,3.0,7.333333333333333,0.0,0.3333333333333333,4.0,0.0,1.39,0.6233333333333334,2.0166666666666666,1.39,2.0166666666666666,2
2,2,France,5,8,19,6,12,7,6,4,1,36,2,0,3,345,289,84,3,26.9,949000000.0,1786,19.666666666666668,26.4,50.8,5.0,55.0,450.0,5.0,7.0,4.0,5.666666666666667,1.3333333333333333,1.6666666666666667,3.0,0.3333333333333333,1.2133333333333334,0.6866666666666666,1.9,1.0066666666666666,1.6900000000000002,Belgium,3,5,9,1,6,3,16,5,1,64,3,0,4,594,542,91,1,26.1,381000000.0,1828,20.5,26.65,52.75,6.0,66.0,555.0,6.15,10.5,8.0,10.0,0.5,0.5,1.5,0.0,1.635,1.23,2.865,1.565,2.79,1
3,3,Brazil,9,7,27,11,16,11,14,8,1,58,2,0,2,521,463,89,2,27.7,899500000.0,1823,19.33333333333333,28.23333333333333,56.0,5.666666666666667,62.333333333333336,520.0,5.766666666666667,9.333333333333334,5.333333333333333,9.0,0.3333333333333333,0.3333333333333333,3.0,0.3333333333333333,1.6333333333333335,0.8766666666666666,2.51,1.586666666666667,2.4633333333333334,Belgium,3,4,9,2,4,5,16,4,0,42,2,0,9,374,301,80,1,26.1,381000000.0,1828,20.5,26.65,52.75,6.0,66.0,555.0,6.15,10.5,8.0,10.0,0.5,0.5,1.5,0.0,1.635,1.23,2.865,1.565,2.79,2
4,4,England,2,6,11,3,6,5,11,7,3,46,0,0,2,467,410,88,5,25.2,1260000000.0,1756,20.33333333333333,27.03333333333333,54.35,4.666666666666667,51.333333333333336,440.0,4.9,5.666666666666667,2.6666666666666665,4.666666666666667,1.0,1.0,3.333333333333333,0.0,0.9966666666666668,0.4833333333333334,1.4766666666666666,0.8633333333333333,1.346666666666667,Belgium,4,3,14,7,9,5,14,2,1,54,2,0,1,547,477,87,1,26.1,381000000.0,1828,20.5,26.65,52.75,6.0,66.0,555.0,6.15,10.5,8.0,10.0,0.5,0.5,1.5,0.0,1.635,1.23,2.865,1.565,2.79,2
5,5,France,6,0,7,1,2,5,13,2,1,34,2,0,2,289,198,69,3,26.9,949000000.0,1786,19.666666666666668,26.4,50.8,5.0,55.0,450.0,5.0,7.0,4.0,5.666666666666667,1.3333333333333333,1.6666666666666667,3.0,0.3333333333333333,1.2133333333333334,0.6866666666666666,1.9,1.0066666666666666,1.6900000000000002,Croatia,4,9,14,1,9,5,13,6,1,66,1,0,3,528,440,83,15,27.7,314500000.0,1621,19.0,28.5,52.95,5.0,55.0,495.0,5.5,9.0,5.5,8.5,0.5,1.0,4.0,0.5,1.645,1.0,2.645,1.585,2.585,1
6,6,Russia,5,7,13,1,10,3,25,6,1,35,1,0,1,400,259,65,35,26.9,121300000.0,1493,17.5,28.450000000000003,43.45,4.0,44.0,390.0,4.35,6.0,5.0,5.5,0.5,0.5,4.0,0.5,1.215,1.04,2.255,1.13,2.165,Croatia,3,11,18,4,12,6,18,8,0,65,4,0,3,728,592,81,15,27.7,314500000.0,1621,19.0,28.5,52.95,5.0,55.0,495.0,5.5,9.0,5.5,8.5,0.5,1.0,4.0,0.5,1.645,1.0,2.645,1.585,2.585,2
7,7,Argentina,3,3,10,4,8,2,16,5,3,57,3,0,2,499,397,80,4,26.2,581700000.0,1767,20.0,27.8,59.85,5.333333333333333,58.66666666666666,510.0,5.666666666666667,7.333333333333333,3.0,7.333333333333333,0.0,0.3333333333333333,4.0,0.0,1.39,0.6233333333333334,2.0166666666666666,1.39,2.0166666666666666,Croatia,5,6,14,3,7,7,22,2,3,43,4,0,3,367,278,76,15,27.7,314500000.0,1621,19.0,28.5,52.95,5.0,55.0,495.0,5.5,9.0,5.5,8.5,0.5,1.0,4.0,0.5,1.645,1.0,2.645,1.585,2.585,2
8,8,Iceland,6,8,16,2,12,4,10,10,1,38,3,0,0,314,226,72,60,24.7,7350000.0,1383,18.0,30.0,33.0,3.0,33.0,270.0,3.0,2.0,0.0,1.0,1.0,2.0,3.0,0.0,0.67,0.0,0.67,0.33,0.33,Croatia,2,8,14,4,4,10,11,5,2,62,2,0,5,518,447,86,15,27.7,314500000.0,1621,19.0,28.5,52.95,5.0,55.0,495.0,5.5,9.0,5.5,8.5,0.5,1.0,4.0,0.5,1.645,1.0,2.645,1.585,2.585,2
9,9,France,5,5,12,2,7,6,16,5,0,55,1,0,1,508,426,84,3,26.9,949000000.0,1786,19.666666666666668,26.4,50.8,5.0,55.0,450.0,5.0,7.0,4.0,5.666666666666667,1.3333333333333333,1.6666666666666667,3.0,0.3333333333333333,1.2133333333333334,0.6866666666666666,1.9,1.0066666666666666,1.6900000000000002,Australia,1,3,6,2,4,2,19,1,0,45,3,0,4,407,321,79,37,27.7,34750000.0,1487,17.0,28.0,47.7,3.0,33.0,270.0,3.0,2.6666666666666665,0.6666666666666666,1.6666666666666667,1.0,1.0,6.666666666666667,0.6666666666666666,0.89,0.2233333333333333,1.1133333333333333,0.5566666666666666,0.7766666666666667,1
10,10,Denmark,5,5,10,0,7,3,7,3,1,47,2,0,3,453,388,86,9,26.5,302500000.0,1655,19.5,27.65,43.8,3.5,38.5,330.0,3.65,3.0,1.5,3.0,0.0,0.0,5.5,0.0,0.845,0.345,1.19,0.845,1.19,Australia,4,4,13,5,8,5,5,5,0,53,0,0,5,504,423,84,37,27.7,34750000.0,1487,17.0,28.0,47.7,3.0,33.0,270.0,3.0,2.6666666666666665,0.6666666666666666,1.6666666666666667,1.0,1.0,6.666666666666667,0.6666666666666666,0.89,0.2233333333333333,1.1133333333333333,0.5566666666666666,0.7766666666666667,0
11,11,France,4,6,12,2,9,3,11,5,0,43,2,0,2,396,308,78,3,26.9,949000000.0,1786,19.666666666666668,26.4,50.8,5.0,55.0,450.0,5.0,7.0,4.0,5.666666666666667,1.3333333333333333,1.6666666666666667,3.0,0.3333333333333333,1.2133333333333334,0.6866666666666666,1.9,1.0066666666666666,1.6900000000000002,Peru,2,6,10,2,3,7,15,3,1,57,2,0,3,513,416,81,22,29.2,59580000.0,1563,17.0,27.5,50.3,3.0,33.0,270.0,3.0,2.0,1.0,2.0,0.0,1.0,5.0,0.0,0.67,0.33,1.0,0.67,1.0,1
12,12,Australia,2,7,14,5,9,5,14,8,3,57,4,0,1,526,459,87,37,27.7,34750000.0,1487,17.0,28.0,47.7,3.0,33.0,270.0,3.0,2.6666666666666665,0.6666666666666666,1.6666666666666667,1.0,1.0,6.666666666666667,0.6666666666666666,0.89,0.2233333333333333,1.1133333333333333,0.5566666666666666,0.7766666666666667,Peru,3,1,4,0,3,1,12,3,1,43,2,0,2,409,329,80,22,29.2,59580000.0,1563,17.0,27.5,50.3,3.0,33.0,270.0,3.0,2.0,1.0,2.0,0.0,1.0,5.0,0.0,0.67,0.33,1.0,0.67,1.0,2
13,13,Nigeria,4,6,16,6,7,9,9,6,1,61,1,0,3,488,394,81,32,26.3,268750000.0,1510,17.666666666666668,25.666666666666668,49.05,3.333333333333333,36.66666666666666,300.0,3.333333333333333,3.0,1.6666666666666667,2.333333333333333,0.6666666666666666,0.6666666666666666,4.0,0.0,0.9166666666666666,0.4733333333333333,1.39,0.6966666666666667,1.1666666666666667,Iceland,3,5,9,1,6,3,10,5,0,39,0,0,2,303,215,71,60,24.7,7350000.0,1383,18.0,30.0,33.0,3.0,33.0,270.0,3.0,2.0,0.0,1.0,1.0,2.0,3.0,0.0,0.67,0.0,0.67,0.33,0.33,1
14,14,Argentina,7,10,27,10,12,15,10,10,0,77,0,0,1,752,673,89,4,26.2,581700000.0,1767,20.0,27.8,59.85,5.333333333333333,58.66666666666666,510.0,5.666666666666667,7.333333333333333,3.0,7.333333333333333,0.0,0.3333333333333333,4.0,0.0,1.39,0.6233333333333334,2.0166666666666666,1.39,2.0166666666666666,Iceland,2,5,8,1,5,3,15,2,0,23,0,0,6,209,132,63,60,24.7,7350000.0,1383,18.0,30.0,33.0,3.0,33.0,270.0,3.0,2.0,0.0,1.0,1.0,2.0,3.0,0.0,0.67,0.0,0.67,0.33,0.33,0
15,15,Brazil,10,6,20,4,14,6,6,8,0,48,2,0,1,383,320,84,2,27.7,899500000.0,1823,19.33333333333333,28.23333333333333,56.0,5.666666666666667,62.333333333333336,520.0,5.766666666666667,9.333333333333334,5.333333333333333,9.0,0.3333333333333333,0.3333333333333333,3.0,0.3333333333333333,1.6333333333333335,0.8766666666666666,2.51,1.586666666666667,2.4633333333333334,Mexico,1,5,14,8,7,7,17,7,2,52,4,0,8,406,350,86,12,27.0,210600000.0,1648,18.33333333333333,28.0,51.15,4.0,44.0,360.0,4.0,4.0,1.6666666666666667,3.333333333333333,0.6666666666666666,0.6666666666666666,6.0,0.0,1.0,0.4166666666666667,1.4166666666666667,0.8333333333333334,1.25,1
16,16,Germany,9,8,26,9,12,14,10,8,1,66,2,0,3,596,518,87,11,26.9,773500000.0,1648,20.0,26.266666666666666,64.95,5.666666666666667,62.333333333333336,530.0,5.9,12.0,4.666666666666667,11.666666666666666,0.3333333333333333,0.3333333333333333,2.0,0.6666666666666666,1.7700000000000002,0.7466666666666667,2.51,1.7266666666666668,2.466666666666667,Mexico,4,7,13,2,5,8,16,1,1,34,2,0,9,304,232,76,12,27.0,210600000.0,1648,18.33333333333333,28.0,51.15,4.0,44.0,360.0,4.0,4.0,1.6666666666666667,3.333333333333333,0.6666666666666666,0.6666666666666666,6.0,0.0,1.0,0.4166666666666667,1.4166666666666667,0.8333333333333334,1.25,2
17,17,Brazil,5,10,21,6,12,9,11,7,1,54,1,0,1,544,478,88,2,27.7,899500000.0,1823,19.33333333333333,28.23333333333333,56.0,5.666666666666667,62.333333333333336,520.0,5.766666666666667,9.333333333333334,5.333333333333333,9.0,0.3333333333333333,0.3333333333333333,3.0,0.3333333333333333,1.6333333333333335,0.8766666666666666,2.51,1.586666666666667,2.4633333333333334,Switzerland,2,4,6,0,3,3,19,2,0,46,3,0,3,453,362,80,14,27.6,247400000.0,1643,17.666666666666668,26.73333333333333,53.3,3.6666666666666665,40.333333333333336,340.0,3.766666666666667,4.333333333333333,3.333333333333333,4.333333333333333,0.0,0.0,5.666666666666667,0.0,1.0666666666666669,0.7933333333333333,1.86,1.0666666666666669,1.86,0
18,18,Sweden,3,6,12,3,5,7,11,3,1,32,1,0,4,274,188,69,17,28.6,199330000.0,1588,19.0,28.5,37.6,5.0,55.0,450.0,5.0,5.0,3.0,3.0,2.0,2.0,5.0,0.0,1.0,0.6,1.6,0.6,1.2,Switzerland,4,4,18,10,8,10,13,11,0,68,2,1,2,556,483,87,14,27.6,247400000.0,1643,17.666666666666668,26.73333333333333,53.3,3.6666666666666665,40.333333333333336,340.0,3.766666666666667,4.333333333333333,3.333333333333333,4.333333333333333,0.0,0.0,5.666666666666667,0.0,1.0666666666666669,0.7933333333333333,1.86,1.0666666666666669,1.86,1
19,19,Serbia,3,8,13,2,10,3,17,3,0,37,4,0,3,308,234,76,25,26.9,336200000.0,1547,18.5,27.3,42.7,3.0,33.0,270.0,3.0,2.0,0.5,2.0,0.0,0.0,8.5,0.5,0.67,0.165,0.835,0.67,0.835,Switzerland,5,7,20,8,8,12,13,7,3,63,1,0,2,535,455,85,14,27.6,247400000.0,1643,17.666666666666668,26.73333333333333,53.3,3.6666666666666665,40.333333333333336,340.0,3.766666666666667,4.333333333333333,3.333333333333333,4.333333333333333,0.0,0.0,5.666666666666667,0.0,1.0666666666666669,0.7933333333333333,1.86,1.0666666666666669,1.86,2
20,20,Brazil,10,10,22,2,12,10,11,9,3,71,2,0,0,705,645,91,2,27.7,899500000.0,1823,19.33333333333333,28.23333333333333,56.0,5.666666666666667,62.333333333333336,520.0,5.766666666666667,9.333333333333334,5.333333333333333,9.0,0.3333333333333333,0.3333333333333333,3.0,0.3333333333333333,1.6333333333333335,0.8766666666666666,2.51,1.586666666666667,2.4633333333333334,Costa Rica,0,3,3,0,1,2,11,1,3,29,1,0,7,280,198,71,42,27.2,21380000.0,1464,19.0,28.35,41.05,4.0,44.0,390.0,4.35,3.0,2.5,3.0,0.0,0.5,5.5,0.5,0.605,0.52,1.13,0.605,1.13,1
21,21,Switzerland,3,6,13,4,8,5,9,6,1,62,3,0,5,565,489,87,14,27.6,247400000.0,1643,17.666666666666668,26.73333333333333,53.3,3.6666666666666665,40.333333333333336,340.0,3.766666666666667,4.333333333333333,3.333333333333333,4.333333333333333,0.0,0.0,5.666666666666667,0.0,1.0666666666666669,0.7933333333333333,1.86,1.0666666666666669,1.86,Costa Rica,6,6,14,2,9,6,14,5,1,38,3,0,1,341,268,79,42,27.2,21380000.0,1464,19.0,28.35,41.05,4.0,44.0,390.0,4.35,3.0,2.5,3.0,0.0,0.5,5.5,0.5,0.605,0.52,1.13,0.605,1.13,0
22,22,England,7,2,11,2,7,4,13,3,3,59,1,0,1,594,547,92,5,25.2,1260000000.0,1756,20.33333333333333,27.03333333333333,54.35,4.666666666666667,51.333333333333336,440.0,4.9,5.666666666666667,2.6666666666666665,4.666666666666667,1.0,1.0,3.333333333333333,0.0,0.9966666666666668,0.4833333333333334,1.4766666666666666,0.8633333333333333,1.346666666666667,Panama,2,5,8,1,4,4,13,2,0,41,3,0,1,393,348,89,63,27.7,16350000.0,1376,20.0,28.3,36.0,3.0,33.0,270.0,3.0,1.0,1.0,1.0,0.0,0.0,11.0,0.0,0.33,0.33,0.67,0.33,0.67,1
23,23,Belgium,6,7,15,2,10,5,17,9,1,61,3,0,2,568,485,85,1,26.1,381000000.0,1828,20.5,26.65,52.75,6.0,66.0,555.0,6.15,10.5,8.0,10.0,0.5,0.5,1.5,0.0,1.635,1.23,2.865,1.565,2.79,Panama,2,4,7,1,3,4,18,3,2,39,5,0,3,354,283,80,63,27.7,16350000.0,1376,20.0,28.3,36.0,3.0,33.0,270.0,3.0,1.0,1.0,1.0,0.0,0.0,11.0,0.0,0.33,0.33,0.67,0.33,0.67,1
24,24,Russia,7,3,14,4,11,3,22,6,3,38,1,0,0,345,251,73,35,26.9,121300000.0,1493,17.5,28.450000000000003,43.45,4.0,44.0,390.0,4.35,6.0,5.0,5.5,0.5,0.5,4.0,0.5,1.215,1.04,2.255,1.13,2.165,Saudi Arabia,0,3,6,3,4,2,10,2,1,62,1,0,2,557,451,81,53,26.8,28800000.0,1434,20.0,28.1,59.0,3.0,33.0,270.0,3.0,2.0,1.0,1.0,1.0,2.0,1.0,0.0,0.67,0.33,1.0,0.33,0.67,1
25,25,Uruguay,3,6,13,4,9,4,10,3,1,47,0,0,2,502,426,85,16,27.6,388600000.0,1614,20.0,27.23333333333333,46.2,5.333333333333333,58.66666666666666,490.0,5.433333333333334,7.0,2.0,6.333333333333333,0.6666666666666666,0.6666666666666666,1.3333333333333333,0.3333333333333333,1.2333333333333334,0.4333333333333333,1.6666666666666667,1.1033333333333333,1.5366666666666668,Saudi Arabia,2,4,8,2,3,5,13,4,2,53,0,0,2,550,478,87,53,26.8,28800000.0,1434,20.0,28.1,59.0,3.0,33.0,270.0,3.0,2.0,1.0,1.0,1.0,2.0,1.0,0.0,0.67,0.33,1.0,0.33,0.67,1
26,26,Russia,3,6,11,2,5,7,11,7,0,49,1,0,0,422,304,72,35,26.9,121300000.0,1493,17.5,28.450000000000003,43.45,4.0,44.0,390.0,4.35,6.0,5.0,5.5,0.5,0.5,4.0,0.5,1.215,1.04,2.255,1.13,2.165,Egypt,1,8,13,4,7,6,10,4,0,51,1,0,1,443,347,78,34,27.6,152900000.0,1497,16.0,28.9,43.3,3.0,33.0,270.0,3.0,2.0,1.0,1.0,1.0,1.0,5.0,0.0,0.67,0.33,1.0,0.33,0.67,1
27,27,Saudi Arabia,8,10,23,5,11,12,7,7,1,64,0,0,0,647,582,90,53,26.8,28800000.0,1434,20.0,28.1,59.0,3.0,33.0,270.0,3.0,2.0,1.0,1.0,1.0,2.0,1.0,0.0,0.67,0.33,1.0,0.33,0.67,Egypt,1,5,7,1,3,4,16,2,3,36,2,0,6,362,289,80,34,27.6,152900000.0,1497,16.0,28.9,43.3,3.0,33.0,270.0,3.0,2.0,1.0,1.0,1.0,1.0,5.0,0.0,0.67,0.33,1.0,0.33,0.67,1
28,28,Denmark,2,1,5,2,1,4,10,4,1,32,1,0,3,322,228,71,9,26.5,302500000.0,1655,19.5,27.65,43.8,3.5,38.5,330.0,3.65,3.0,1.5,3.0,0.0,0.0,5.5,0.0,0.845,0.345,1.19,0.845,1.19,France,3,7,11,1,4,7,10,2,1,68,0,0,2,657,574,87,3,26.9,949000000.0,1786,19.666666666666668,26.4,50.8,5.0,55.0,450.0,5.0,7.0,4.0,5.666666666666667,1.3333333333333333,1.6666666666666667,3.0,0.3333333333333333,1.2133333333333334,0.6866666666666666,1.9,1.0066666666666666,1.6900000000000002,0
29,29,Uruguay,4,6,11,1,6,5,17,4,0,38,2,0,0,311,199,64,16,27.6,388600000.0,1614,20.0,27.23333333333333,46.2,5.333333333333333,58.66666666666666,490.0,5.433333333333334,7.0,2.0,6.333333333333333,0.6666666666666666,0.6666666666666666,1.3333333333333333,0.3333333333333333,1.2333333333333334,0.4333333333333333,1.6666666666666667,1.1033333333333333,1.5366666666666668,France,2,8,11,1,3,8,15,3,0,62,2,0,4,516,417,81,3,26.9,949000000.0,1786,19.666666666666668,26.4,50.8,5.0,55.0,450.0,5.0,7.0,4.0,5.666666666666667,1.3333333333333333,1.6666666666666667,3.0,0.3333333333333333,1.2133333333333334,0.6866666666666666,1.9,1.0066666666666666,1.6900000000000002,2
30,30,Uruguay,3,2,5,0,3,2,13,2,0,32,0,0,4,273,183,67,16,27.6,388600000.0,1614,20.0,27.23333333333333,46.2,5.333333333333333,58.66666666666666,490.0,5.433333333333334,7.0,2.0,6.333333333333333,0.6666666666666666,0.6666666666666666,1.3333333333333333,0.3333333333333333,1.2333333333333334,0.4333333333333333,1.6666666666666667,1.1033333333333333,1.5366666666666668,Portugal,5,8,20,7,6,14,13,10,1,68,1,0,1,544,471,87,8,27.2,780500000.0,1660,19.666666666666668,28.3,52.25,3.6666666666666665,40.333333333333336,330.0,3.6666666666666665,5.333333333333333,1.6666666666666667,5.0,0.3333333333333333,0.6666666666666666,1.3333333333333333,0.6666666666666666,1.4166666666666667,0.4433333333333333,1.86,1.3333333333333333,1.7766666666666666,1
31,31,Iran,2,4,7,1,3,4,16,1,1,26,2,0,3,213,139,65,21,28.1,74380000.0,1573,16.0,26.2,29.0,3.0,33.0,270.0,3.0,1.0,0.0,0.0,1.0,1.0,7.0,0.0,0.33,0.0,0.33,0.0,0.0,Portugal,4,7,14,3,5,9,11,5,1,74,4,0,1,608,528,87,8,27.2,780500000.0,1660,19.666666666666668,28.3,52.25,3.6666666666666665,40.333333333333336,330.0,3.6666666666666665,5.333333333333333,1.6666666666666667,5.0,0.3333333333333333,0.6666666666666666,1.3333333333333333,0.6666666666666666,1.4166666666666667,0.4433333333333333,1.86,1.3333333333333333,1.7766666666666666,0
32,32,Uruguay,6,6,16,4,8,9,17,4,0,57,1,0,1,492,415,84,16,27.6,388600000.0,1614,20.0,27.23333333333333,46.2,5.333333333333333,58.66666666666666,490.0,5.433333333333334,7.0,2.0,6.333333333333333,0.6666666666666666,0.6666666666666666,1.3333333333333333,0.3333333333333333,1.2333333333333334,0.4333333333333333,1.6666666666666667,1.1033333333333333,1.5366666666666668,Russia,1,1,3,1,2,1,18,2,2,43,3,1,4,356,281,79,35,26.9,121300000.0,1493,17.5,28.450000000000003,43.45,4.0,44.0,390.0,4.35,6.0,5.0,5.5,0.5,0.5,4.0,0.5,1.215,1.04,2.255,1.13,2.165,1
33,33,Spain,9,7,23,7,14,9,5,6,1,78,1,0,0,1115,1008,90,7,25.9,798000000.0,1705,19.666666666666668,27.933333333333334,65.0,4.666666666666667,51.333333333333336,440.0,4.866666666666666,6.0,2.333333333333333,5.666666666666667,0.3333333333333333,0.3333333333333333,3.0,0.0,1.2666666666666666,0.61,1.88,1.1566666666666665,1.7700000000000002,Russia,1,4,7,2,5,2,19,5,1,22,2,0,9,291,192,66,35,26.9,121300000.0,1493,17.5,28.450000000000003,43.45,4.0,44.0,390.0,4.35,6.0,5.0,5.5,0.5,0.5,4.0,0.5,1.215,1.04,2.255,1.13,2.165,1
34,34,Iran,0,7,7,0,5,2,14,2,2,22,2,0,2,216,139,64,21,28.1,74380000.0,1573,16.0,26.2,29.0,3.0,33.0,270.0,3.0,1.0,0.0,0.0,1.0,1.0,7.0,0.0,0.33,0.0,0.33,0.0,0.0,Spain,5,5,18,8,10,8,14,6,1,78,0,0,0,776,701,90,7,25.9,798000000.0,1705,19.666666666666668,27.933333333333334,65.0,4.666666666666667,51.333333333333336,440.0,4.866666666666666,6.0,2.333333333333333,5.666666666666667,0.3333333333333333,0.3333333333333333,3.0,0.0,1.2666666666666666,0.61,1.88,1.1566666666666665,1.7700000000000002,2
35,35,Portugal,3,3,9,3,3,6,12,4,1,33,1,0,3,372,307,83,8,27.2,780500000.0,1660,19.666666666666668,28.3,52.25,3.6666666666666665,40.333333333333336,330.0,3.6666666666666665,5.333333333333333,1.6666666666666667,5.0,0.3333333333333333,0.6666666666666666,1.3333333333333333,0.6666666666666666,1.4166666666666667,0.4433333333333333,1.86,1.3333333333333333,1.7766666666666666,Spain,6,5,13,2,9,4,10,5,3,67,1,0,0,759,700,92,7,25.9,798000000.0,1705,19.666666666666668,27.933333333333334,65.0,4.666666666666667,51.333333333333336,440.0,4.866666666666666,6.0,2.333333333333333,5.666666666666667,0.3333333333333333,0.3333333333333333,3.0,0.0,1.2666666666666666,0.61,1.88,1.1566666666666665,1.7700000000000002,0
36,36,Spain,5,12,18,1,13,5,5,7,1,74,0,0,1,742,678,91,7,25.9,798000000.0,1705,19.666666666666668,27.933333333333334,65.0,4.666666666666667,51.333333333333336,440.0,4.866666666666666,6.0,2.333333333333333,5.666666666666667,0.3333333333333333,0.3333333333333333,3.0,0.0,1.2666666666666666,0.61,1.88,1.1566666666666665,1.7700000000000002,Morocco,3,2,6,1,4,2,17,1,1,26,6,0,2,245,189,77,24,27.0,215250000.0,1547,19.0,28.6,49.0,3.0,33.0,270.0,3.0,2.0,1.0,2.0,0.0,0.0,8.0,0.0,0.67,0.33,1.0,0.67,1.0,0
37,37,Portugal,2,4,10,4,4,6,19,5,1,45,1,0,4,396,284,72,8,27.2,780500000.0,1660,19.666666666666668,28.3,52.25,3.6666666666666665,40.333333333333336,330.0,3.6666666666666665,5.333333333333333,1.6666666666666667,5.0,0.3333333333333333,0.6666666666666666,1.3333333333333333,0.6666666666666666,1.4166666666666667,0.4433333333333333,1.86,1.3333333333333333,1.7766666666666666,Morocco,4,9,15,2,11,4,23,7,1,55,1,0,1,467,357,76,24,27.0,215250000.0,1547,19.0,28.6,49.0,3.0,33.0,270.0,3.0,2.0,1.0,2.0,0.0,0.0,8.0,0.0,0.67,0.33,1.0,0.67,1.0,1
38,38,Croatia,6,7,20,7,8,12,5,5,2,53,0,0,2,602,482,80,15,27.7,314500000.0,1621,19.0,28.5,52.95,5.0,55.0,495.0,5.5,9.0,5.5,8.5,0.5,1.0,4.0,0.5,1.645,1.0,2.645,1.585,2.585,Denmark,3,9,14,2,6,8,19,4,0,47,1,0,5,530,419,79,9,26.5,302500000.0,1655,19.5,27.65,43.8,3.5,38.5,330.0,3.65,3.0,1.5,3.0,0.0,0.0,5.5,0.0,0.845,0.345,1.19,0.845,1.19,1
39,39,Peru,6,9,17,2,13,4,10,3,5,53,1,0,2,418,341,82,22,29.2,59580000.0,1563,17.0,27.5,50.3,3.0,33.0,270.0,3.0,2.0,1.0,2.0,0.0,1.0,5.0,0.0,0.67,0.33,1.0,0.67,1.0,Denmark,3,5,10,2,4,6,18,7,3,47,2,0,6,364,289,79,9,26.5,302500000.0,1655,19.5,27.65,43.8,3.5,38.5,330.0,3.65,3.0,1.5,3.0,0.0,0.0,5.5,0.0,0.845,0.345,1.19,0.845,1.19,2
40,40,Croatia,7,11,22,4,12,10,23,8,1,55,2,0,0,590,474,80,15,27.7,314500000.0,1621,19.0,28.5,52.95,5.0,55.0,495.0,5.5,9.0,5.5,8.5,0.5,1.0,4.0,0.5,1.645,1.0,2.645,1.585,2.585,England,2,6,11,3,6,5,14,4,3,45,1,0,5,497,379,76,5,25.2,1260000000.0,1756,20.33333333333333,27.03333333333333,54.35,4.666666666666667,51.333333333333336,440.0,4.9,5.666666666666667,2.6666666666666665,4.666666666666667,1.0,1.0,3.333333333333333,0.0,0.9966666666666668,0.4833333333333334,1.4766666666666666,0.8633333333333333,1.346666666666667,1
41,41,Belgium,4,3,12,5,10,2,11,4,1,42,1,0,5,485,420,87,1,26.1,381000000.0,1828,20.5,26.65,52.75,6.0,66.0,555.0,6.15,10.5,8.0,10.0,0.5,0.5,1.5,0.0,1.635,1.23,2.865,1.565,2.79,England,6,7,15,2,9,6,4,5,0,58,2,0,2,674,619,92,5,25.2,1260000000.0,1756,20.33333333333333,27.03333333333333,54.35,4.666666666666667,51.333333333333336,440.0,4.9,5.666666666666667,2.6666666666666665,4.666666666666667,1.0,1.0,3.333333333333333,0.0,0.9966666666666668,0.4833333333333334,1.4766666666666666,0.8633333333333333,1.346666666666667,1
42,42,Sweden,3,2,6,1,4,2,10,1,2,42,2,0,0,366,265,72,17,28.6,199330000.0,1588,19.0,28.5,37.6,5.0,55.0,450.0,5.0,5.0,3.0,3.0,2.0,2.0,5.0,0.0,1.0,0.6,1.6,0.6,1.2,England,2,4,12,6,7,5,7,6,1,58,1,0,3,502,401,80,5,25.2,1260000000.0,1756,20.33333333333333,27.03333333333333,54.35,4.666666666666667,51.333333333333336,440.0,4.9,5.666666666666667,2.6666666666666665,4.666666666666667,1.0,1.0,3.333333333333333,0.0,0.9966666666666668,0.4833333333333334,1.4766666666666666,0.8633333333333333,1.346666666666667,2
43,43,Colombia,4,7,14,3,7,7,23,2,1,47,6,0,1,524,406,77,19,28.3,300100000.0,1586,21.0,27.0,49.05,4.5,49.5,420.0,4.65,9.0,7.5,8.0,1.0,1.0,2.5,0.5,1.89,1.575,3.47,1.69,3.27,England,2,9,16,5,10,6,13,7,2,53,2,0,3,578,465,80,5,25.2,1260000000.0,1756,20.33333333333333,27.03333333333333,54.35,4.666666666666667,51.333333333333336,440.0,4.9,5.666666666666667,2.6666666666666665,4.666666666666667,1.0,1.0,3.333333333333333,0.0,0.9966666666666668,0.4833333333333334,1.4766666666666666,0.8633333333333333,1.346666666666667,2
44,44,Tunisia,1,3,6,2,3,3,14,2,2,39,0,0,5,352,273,78,36,27.8,62000000.0,1490,23.0,26.2,52.7,3.0,33.0,270.0,3.0,5.0,4.0,4.0,1.0,1.0,4.0,0.0,1.67,1.33,3.0,1.33,2.67,England,8,8,18,2,14,4,8,7,3,61,1,0,0,531,457,86,5,25.2,1260000000.0,1756,20.33333333333333,27.03333333333333,54.35,4.666666666666667,51.333333333333336,440.0,4.9,5.666666666666667,2.6666666666666665,4.666666666666667,1.0,1.0,3.333333333333333,0.0,0.9966666666666668,0.4833333333333334,1.4766666666666666,0.8633333333333333,1.346666666666667,2
45,45,Croatia,2,7,11,2,8,4,20,6,2,54,2,0,2,483,383,79,15,27.7,314500000.0,1621,19.0,28.5,52.95,5.0,55.0,495.0,5.5,9.0,5.5,8.5,0.5,1.0,4.0,0.5,1.645,1.0,2.645,1.585,2.585,Nigeria,2,7,14,5,10,4,16,5,1,46,1,0,1,399,309,77,32,26.3,268750000.0,1510,17.666666666666668,25.666666666666668,49.05,3.333333333333333,36.66666666666666,300.0,3.333333333333333,3.0,1.6666666666666667,2.333333333333333,0.6666666666666666,0.6666666666666666,4.0,0.0,0.9166666666666666,0.4733333333333333,1.39,0.6966666666666667,1.1666666666666667,1
46,46,Belgium,8,9,24,7,14,10,13,10,1,57,0,0,3,595,515,87,1,26.1,381000000.0,1828,20.5,26.65,52.75,6.0,66.0,555.0,6.15,10.5,8.0,10.0,0.5,0.5,1.5,0.0,1.635,1.23,2.865,1.565,2.79,Japan,4,4,11,3,7,4,9,6,1,43,1,0,5,450,366,81,23,28.4,76350000.0,1550,17.666666666666668,28.166666666666668,54.35,3.6666666666666665,40.333333333333336,340.0,3.766666666666667,4.0,2.333333333333333,3.6666666666666665,0.3333333333333333,0.3333333333333333,3.6666666666666665,0.0,1.03,0.64,1.6666666666666667,0.9466666666666668,1.5833333333333333,1
47,47,Colombia,3,1,8,4,5,3,15,3,2,38,2,1,4,376,289,77,19,28.3,300100000.0,1586,21.0,27.0,49.05,4.5,49.5,420.0,4.65,9.0,7.5,8.0,1.0,1.0,2.5,0.5,1.89,1.575,3.47,1.69,3.27,Japan,6,5,14,3,12,2,9,6,1,62,1,0,2,595,516,87,23,28.4,76350000.0,1550,17.666666666666668,28.166666666666668,54.35,3.6666666666666665,40.333333333333336,340.0,3.766666666666667,4.0,2.333333333333333,3.6666666666666665,0.3333333333333333,0.3333333333333333,3.6666666666666665,0.0,1.03,0.64,1.6666666666666667,0.9466666666666668,1.5833333333333333,2
48,48,Belgium,12,8,23,3,15,8,12,5,3,49,0,0,3,445,374,84,1,26.1,381000000.0,1828,20.5,26.65,52.75,6.0,66.0,555.0,6.15,10.5,8.0,10.0,0.5,0.5,1.5,0.0,1.635,1.23,2.865,1.565,2.79,Tunisia,5,8,16,3,5,11,13,2,3,51,1,0,6,452,367,81,36,27.8,62000000.0,1490,23.0,26.2,52.7,3.0,33.0,270.0,3.0,5.0,4.0,4.0,1.0,1.0,4.0,0.0,1.67,1.33,3.0,1.33,2.67,1
49,49,Panama,4,4,9,1,6,4,18,0,4,30,3,0,4,277,206,74,63,27.7,16350000.0,1376,20.0,28.3,36.0,3.0,33.0,270.0,3.0,1.0,1.0,1.0,0.0,0.0,11.0,0.0,0.33,0.33,0.67,0.33,0.67,Tunisia,6,5,14,3,11,3,19,6,1,70,3,0,4,618,530,86,36,27.8,62000000.0,1490,23.0,26.2,52.7,3.0,33.0,270.0,3.0,5.0,4.0,4.0,1.0,1.0,4.0,0.0,1.67,1.33,3.0,1.33,2.67,2
50,50,Germany,6,5,18,7,11,7,12,8,5,75,2,1,4,676,600,89,11,26.9,773500000.0,1648,20.0,26.266666666666666,64.95,5.666666666666667,62.333333333333336,530.0,5.9,12.0,4.666666666666667,11.666666666666666,0.3333333333333333,0.3333333333333333,2.0,0.6666666666666666,1.7700000000000002,0.7466666666666667,2.51,1.7266666666666668,2.466666666666667,Sweden,5,1,7,1,6,1,13,3,2,25,2,0,4,222,154,69,17,28.6,199330000.0,1588,19.0,28.5,37.6,5.0,55.0,450.0,5.0,5.0,3.0,3.0,2.0,2.0,5.0,0.0,1.0,0.6,1.6,0.6,1.2,1
51,51,Mexico,3,8,20,9,10,10,14,7,2,66,3,0,3,472,389,82,12,27.0,210600000.0,1648,18.33333333333333,28.0,51.15,4.0,44.0,360.0,4.0,4.0,1.6666666666666667,3.333333333333333,0.6666666666666666,0.6666666666666666,6.0,0.0,1.0,0.4166666666666667,1.4166666666666667,0.8333333333333334,1.25,Sweden,5,9,15,1,13,3,11,3,0,34,2,0,3,241,147,61,17,28.6,199330000.0,1588,19.0,28.5,37.6,5.0,55.0,450.0,5.0,5.0,3.0,3.0,2.0,2.0,5.0,0.0,1.0,0.6,1.6,0.6,1.2,2
52,52,Serbia,2,5,10,3,6,4,13,5,2,42,3,0,4,442,351,79,25,26.9,336200000.0,1547,18.5,27.3,42.7,3.0,33.0,270.0,3.0,2.0,0.5,2.0,0.0,0.0,8.5,0.5,0.67,0.165,0.835,0.67,0.835,Brazil,6,3,14,5,10,4,7,9,4,58,0,0,1,632,543,86,2,27.7,899500000.0,1823,19.33333333333333,28.23333333333333,56.0,5.666666666666667,62.333333333333336,520.0,5.766666666666667,9.333333333333334,5.333333333333333,9.0,0.3333333333333333,0.3333333333333333,3.0,0.3333333333333333,1.6333333333333335,0.8766666666666666,2.51,1.586666666666667,2.4633333333333334,2
53,53,Egypt,3,3,8,2,4,4,12,0,1,41,2,0,4,424,313,74,34,27.6,152900000.0,1497,16.0,28.9,43.3,3.0,33.0,270.0,3.0,2.0,1.0,1.0,1.0,1.0,5.0,0.0,0.67,0.33,1.0,0.33,0.67,Uruguay,5,6,15,4,8,7,6,5,1,59,0,0,3,588,503,86,16,27.6,388600000.0,1614,20.0,27.23333333333333,46.2,5.333333333333333,58.66666666666666,490.0,5.433333333333334,7.0,2.0,6.333333333333333,0.6666666666666666,0.6666666666666666,1.3333333333333333,0.3333333333333333,1.2333333333333334,0.4333333333333333,1.6666666666666667,1.1033333333333333,1.5366666666666668,2
54,54,Morocco,3,6,13,4,9,4,22,5,0,67,1,0,2,461,374,81,24,27.0,215250000.0,1547,19.0,28.6,49.0,3.0,33.0,270.0,3.0,2.0,1.0,2.0,0.0,0.0,8.0,0.0,0.67,0.33,1.0,0.67,1.0,Iran,2,6,9,1,6,4,14,2,0,33,3,0,3,218,127,58,21,28.1,74380000.0,1573,16.0,26.2,29.0,3.0,33.0,270.0,3.0,1.0,0.0,0.0,1.0,1.0,7.0,0.0,0.33,0.0,0.33,0.0,0.0,2
55,55,Costa Rica,3,3,10,4,5,5,18,5,1,52,2,0,2,449,359,80,42,27.2,21380000.0,1464,19.0,28.35,41.05,4.0,44.0,390.0,4.35,3.0,2.5,3.0,0.0,0.5,5.5,0.5,0.605,0.52,1.13,0.605,1.13,Serbia,3,6,10,1,5,5,15,4,3,48,2,0,3,418,326,78,25,26.9,336200000.0,1547,18.5,27.3,42.7,3.0,33.0,270.0,3.0,2.0,0.5,2.0,0.0,0.0,8.5,0.5,0.67,0.165,0.835,0.67,0.835,2
56,56,Poland,4,6,11,1,6,5,8,3,3,61,1,0,1,569,472,83,28,27.4,293000000.0,1531,21.0,27.6,50.3,3.0,33.0,270.0,3.0,2.0,2.0,2.0,0.0,0.0,3.0,0.0,0.67,0.67,1.33,0.67,1.33,Senegal,2,4,8,2,6,3,15,3,2,39,2,0,3,360,279,78,18,27.4,335150000.0,1588,18.0,26.0,42.0,3.0,33.0,270.0,3.0,3.0,1.0,3.0,0.0,0.0,6.0,0.0,1.0,0.33,1.33,1.0,1.33,2
57,57,Japan,3,2,7,2,5,2,8,2,2,56,2,0,5,462,369,80,23,28.4,76350000.0,1550,17.666666666666668,28.166666666666668,54.35,3.6666666666666665,40.333333333333336,340.0,3.766666666666667,4.0,2.333333333333333,3.6666666666666665,0.3333333333333333,0.3333333333333333,3.6666666666666665,0.0,1.03,0.64,1.6666666666666667,0.9466666666666668,1.5833333333333333,Senegal,7,5,15,3,11,4,15,5,4,44,3,0,1,339,257,76,18,27.4,335150000.0,1588,18.0,26.0,42.0,3.0,33.0,270.0,3.0,3.0,1.0,3.0,0.0,0.0,6.0,0.0,1.0,0.33,1.33,1.0,1.33,0
58,58,Poland,2,2,9,5,6,3,15,7,1,45,2,0,0,421,321,76,28,27.4,293000000.0,1531,21.0,27.6,50.3,3.0,33.0,270.0,3.0,2.0,2.0,2.0,0.0,0.0,3.0,0.0,0.67,0.67,1.33,0.67,1.33,Colombia,4,5,13,4,5,8,10,5,1,55,0,0,2,505,420,83,19,28.3,300100000.0,1586,21.0,27.0,49.05,4.5,49.5,420.0,4.65,9.0,7.5,8.0,1.0,1.0,2.5,0.5,1.89,1.575,3.47,1.69,3.27,2
59,59,Senegal,3,4,7,0,4,3,15,1,3,40,1,0,1,303,223,74,18,27.4,335150000.0,1588,18.0,26.0,42.0,3.0,33.0,270.0,3.0,3.0,1.0,3.0,0.0,0.0,6.0,0.0,1.0,0.33,1.33,1.0,1.33,Colombia,2,1,4,1,3,1,15,3,3,60,1,0,4,432,352,81,19,28.3,300100000.0,1586,21.0,27.0,49.05,4.5,49.5,420.0,4.65,9.0,7.5,8.0,1.0,1.0,2.5,0.5,1.89,1.575,3.47,1.69,3.27,2
60,60,Japan,3,4,10,3,7,3,11,5,1,54,1,0,2,541,470,87,23,28.4,76350000.0,1550,17.666666666666668,28.166666666666668,54.35,3.6666666666666665,40.333333333333336,340.0,3.766666666666667,4.0,2.333333333333333,3.6666666666666665,0.3333333333333333,0.3333333333333333,3.6666666666666665,0.0,1.03,0.64,1.6666666666666667,0.9466666666666668,1.5833333333333333,Poland,2,5,11,4,7,4,8,7,0,46,0,0,3,457,382,84,28,27.4,293000000.0,1531,21.0,27.6,50.3,3.0,33.0,270.0,3.0,2.0,2.0,2.0,0.0,0.0,3.0,0.0,0.67,0.67,1.33,0.67,1.33,2
